-- phpMyAdmin SQL Dump
-- version 4.9.1
-- https://www.phpmyadmin.net/
--
-- Host: localhost
-- Generation Time: Jun 25, 2021 at 01:47 PM
-- Server version: 10.4.8-MariaDB
-- PHP Version: 7.1.32

SET SQL_MODE = "NO_AUTO_VALUE_ON_ZERO";
SET AUTOCOMMIT = 0;
START TRANSACTION;
SET time_zone = "+00:00";


/*!40101 SET @OLD_CHARACTER_SET_CLIENT=@@CHARACTER_SET_CLIENT */;
/*!40101 SET @OLD_CHARACTER_SET_RESULTS=@@CHARACTER_SET_RESULTS */;
/*!40101 SET @OLD_COLLATION_CONNECTION=@@COLLATION_CONNECTION */;
/*!40101 SET NAMES utf8mb4 */;

--
-- Database: `genicine`
--

-- --------------------------------------------------------

--
-- Table structure for table `cart`
--

CREATE TABLE `cart` (
  `id` int(11) NOT NULL,
  `id_user` int(11) NOT NULL,
  `id_product` int(11) NOT NULL,
  `qty` int(11) NOT NULL,
  `subtotal` int(11) NOT NULL
) ENGINE=InnoDB DEFAULT CHARSET=utf8;

--
-- Dumping data for table `cart`
--

INSERT INTO `cart` (`id`, `id_user`, `id_product`, `qty`, `subtotal`) VALUES
(1, 4, 2, 1, 500000);

-- --------------------------------------------------------

--
-- Table structure for table `category`
--

CREATE TABLE `category` (
  `id` int(11) NOT NULL,
  `slug` varchar(255) NOT NULL,
  `title` varchar(255) NOT NULL
) ENGINE=InnoDB DEFAULT CHARSET=utf8;

--
-- Dumping data for table `category`
--

INSERT INTO `category` (`id`, `slug`, `title`) VALUES
(1, 'baju-wanita', 'Baju Wanita'),
(2, 'baju-pria', 'Baju Pria'),
(3, 'gaun', 'Gaun'),
(4, 'celana-pria', 'Celana Pria'),
(5, 'rok-wanita', 'Rok Wanita'),
(6, 'celana-wanita', 'Celana Wanita');

-- --------------------------------------------------------

--
-- Table structure for table `orders`
--

CREATE TABLE `orders` (
  `id` int(11) NOT NULL,
  `id_user` int(11) NOT NULL,
  `date` date NOT NULL,
  `invoice` varchar(100) NOT NULL,
  `total` int(11) NOT NULL,
  `name` varchar(255) NOT NULL,
  `address` varchar(255) NOT NULL,
  `phone` varchar(255) NOT NULL,
  `status` enum('waiting','paid','delivered','cancel') NOT NULL
) ENGINE=InnoDB DEFAULT CHARSET=utf8;

-- --------------------------------------------------------

--
-- Table structure for table `orders_confirm`
--

CREATE TABLE `orders_confirm` (
  `id` int(11) NOT NULL,
  `id_orders` int(11) NOT NULL,
  `account_name` varchar(255) NOT NULL,
  `account_number` varchar(50) NOT NULL,
  `nominal` int(11) NOT NULL,
  `note` varchar(255) NOT NULL,
  `image` varchar(255) NOT NULL
) ENGINE=InnoDB DEFAULT CHARSET=utf8;

--
-- Dumping data for table `orders_confirm`
--

INSERT INTO `orders_confirm` (`id`, `id_orders`, `account_name`, `account_number`, `nominal`, `note`, `image`) VALUES
(1, 1, 'Natih', '42424123333', 36000000, '-', 'fashion4.jpeg'),
(2, 2, 'Catrine', '344312321', 500000, 'Mantap bang', 'fashion5.jpeg');

-- --------------------------------------------------------

--
-- Table structure for table `order_detail`
--

CREATE TABLE `order_detail` (
  `id` int(11) NOT NULL,
  `id_orders` int(11) NOT NULL,
  `id_product` int(11) NOT NULL,
  `qty` int(4) NOT NULL,
  `subtotal` int(11) NOT NULL
) ENGINE=InnoDB DEFAULT CHARSET=utf8;

--
-- Dumping data for table `order_detail`
--

INSERT INTO `order_detail` (`id`, `id_orders`, `id_product`, `qty`, `subtotal`) VALUES
(1, 1, 4, 6, 30000000),
(2, 1, 3, 2, 6000000),
(3, 2, 2, 1, 500000),
(4, 3, 3, 1, 3000000);

-- --------------------------------------------------------

--
-- Table structure for table `product`
--

CREATE TABLE `product` (
  `id` int(11) NOT NULL,
  `id_category` int(11) NOT NULL,
  `slug` varchar(255) NOT NULL,
  `title` varchar(255) NOT NULL,
  `description` varchar(255) NOT NULL,
  `price` int(11) NOT NULL,
  `is_available` tinyint(1) NOT NULL DEFAULT 1,
  `image` varchar(255) NOT NULL
) ENGINE=InnoDB DEFAULT CHARSET=utf8;

--
-- Dumping data for table `product`
--

INSERT INTO `product` (`id`, `id_category`, `slug`, `title`, `description`, `price`, `is_available`, `image`) VALUES
(2, 3, 'catur-dress', 'Catur Dress', 'Gaun bernuansa permainan catur yang siap membuatmu tambah gemilang! ', 5000000, 1, 'fashion1.jpeg'),
(3, 3, 'strawberry-shortcake-one-set', 'Strawberry Shortcake One Set', 'Edisi terbaru dari pakaian set Strawberry Shortcake!', 3000000, 1, 'fashion2.jpeg'),
(4, 2, 'pinkish-boy-clothes', 'Pinkish Boy Clothes', 'Tampil lebih cool dan support Pink Day! dengan Pinkish Boy Clothes!', 500000, 1, 'fashion6.jpeg'),
(5, 3, 'kylie-dress', 'Kylie Dress', 'Tampil seperti Kylie Jenner dengan dress ini!', 5000000, 1, 'fashion3.jpeg');

-- --------------------------------------------------------

--
-- Table structure for table `user`
--

CREATE TABLE `user` (
  `id` int(11) NOT NULL,
  `name` varchar(255) NOT NULL,
  `email` varchar(255) NOT NULL,
  `password` varchar(255) NOT NULL,
  `role` enum('admin','member') NOT NULL,
  `is_active` tinyint(1) NOT NULL DEFAULT 1,
  `image` varchar(255) DEFAULT NULL
) ENGINE=InnoDB DEFAULT CHARSET=utf8;

--
-- Dumping data for table `user`
--

INSERT INTO `user` (`id`, `name`, `email`, `password`, `role`, `is_active`, `image`) VALUES
(4, 'Admin', 'admin@gmail.com', '$2y$10$zL2Lx3ZvO9QS74hnrtacVuMxasj/yN/bQnWD2Gap/LheK1wr9fFf6', 'admin', 1, 'admin-20200315212825.png'),
(6, 'Geizka', 'geizka@gmail.com', '$2y$10$s9ZoZKDYP17bSbDVy2Nhoe1MMvizsWeYiJKudaCFIsZ082kI1maDi', 'member', 1, NULL);

--
-- Indexes for dumped tables
--

--
-- Indexes for table `cart`
--
ALTER TABLE `cart`
  ADD PRIMARY KEY (`id`);

--
-- Indexes for table `category`
--
ALTER TABLE `category`
  ADD PRIMARY KEY (`id`);

--
-- Indexes for table `orders`
--
ALTER TABLE `orders`
  ADD PRIMARY KEY (`id`);

--
-- Indexes for table `orders_confirm`
--
ALTER TABLE `orders_confirm`
  ADD PRIMARY KEY (`id`);

--
-- Indexes for table `order_detail`
--
ALTER TABLE `order_detail`
  ADD PRIMARY KEY (`id`);

--
-- Indexes for table `product`
--
ALTER TABLE `product`
  ADD PRIMARY KEY (`id`);

--
-- Indexes for table `user`
--
ALTER TABLE `user`
  ADD PRIMARY KEY (`id`);

--
-- AUTO_INCREMENT for dumped tables
--

--
-- AUTO_INCREMENT for table `cart`
--
ALTER TABLE `cart`
  MODIFY `id` int(11) NOT NULL AUTO_INCREMENT, AUTO_INCREMENT=2;

--
-- AUTO_INCREMENT for table `category`
--
ALTER TABLE `category`
  MODIFY `id` int(11) NOT NULL AUTO_INCREMENT, AUTO_INCREMENT=7;

--
-- AUTO_INCREMENT for table `orders`
--
ALTER TABLE `orders`
  MODIFY `id` int(11) NOT NULL AUTO_INCREMENT, AUTO_INCREMENT=4;

--
-- AUTO_INCREMENT for table `orders_confirm`
--
ALTER TABLE `orders_confirm`
  MODIFY `id` int(11) NOT NULL AUTO_INCREMENT, AUTO_INCREMENT=3;

--
-- AUTO_INCREMENT for table `order_detail`
--
ALTER TABLE `order_detail`
  MODIFY `id` int(11) NOT NULL AUTO_INCREMENT, AUTO_INCREMENT=5;

--
-- AUTO_INCREMENT for table `product`
--
ALTER TABLE `product`
  MODIFY `id` int(11) NOT NULL AUTO_INCREMENT, AUTO_INCREMENT=6;

--
-- AUTO_INCREMENT for table `user`
--
ALTER TABLE `user`
  MODIFY `id` int(11) NOT NULL AUTO_INCREMENT, AUTO_INCREMENT=7;
COMMIT;

/*!40101 SET CHARACTER_SET_CLIENT=@OLD_CHARACTER_SET_CLIENT */;
/*!40101 SET CHARACTER_SET_RESULTS=@OLD_CHARACTER_SET_RESULTS */;
/*!40101 SET COLLATION_CONNECTION=@OLD_COLLATION_CONNECTION */;
